{
    "nodes": [
        "X1",
        "X2",
        "X3",
        "X4",
        "X5"
    ],
    "edges": [
        [
            "X1",
            "X2"
        ],
        [
            "X1",
            "X3"
        ],
        [
            "X1",
            "X4"
        ],
        [
            "X1",
            "X5"
        ],
        [
            "X3",
            "X4"
        ]
    ],
    "cpts": {
        "X1": {
            "values": [
                [
                    0.44448164907672516
                ],
                [
                    0.5555183509232748
                ]
            ],
            "evidence": [],
            "evidence_card": []
        },
        "X2": {
            "values": [
                [
                    0.31094622416063356,
                    0.0
                ],
                [
                    0.6890537758393664,
                    0.0
                ]
            ],
            "evidence": [
                "X1"
            ],
            "evidence_card": [
                2
            ]
        },
        "X3": {
            "values": [
                [
                    0.6941373196409323,
                    0.0
                ],
                [
                    0.3058626803590677,
                    0.0
                ]
            ],
            "evidence": [
                "X1"
            ],
            "evidence_card": [
                2
            ]
        },
        "X5": {
            "values": [
                [
                    0.49946137997406853,
                    0.0
                ],
                [
                    0.5005386200259314,
                    0.0
                ]
            ],
            "evidence": [
                "X1"
            ],
            "evidence_card": [
                2
            ]
        },
        "X4": {
            "values": [
                [
                    0.0,
                    0.2686163166082099,
                    0.0,
                    0.0
                ],
                [
                    0.0,
                    0.7313836833917902,
                    0.0,
                    0.0
                ]
            ],
            "evidence": [
                "X1",
                "X3"
            ],
            "evidence_card": [
                2,
                2
            ]
        }
    }
}