{
    "nodes": [
        "X1",
        "X2",
        "X3",
        "X4",
        "X5"
    ],
    "edges": [
        [
            "X1",
            "X2"
        ],
        [
            "X1",
            "X3"
        ],
        [
            "X1",
            "X4"
        ],
        [
            "X1",
            "X5"
        ],
        [
            "X3",
            "X4"
        ]
    ],
    "cpts": {
        "X1": {
            "values": [
                [
                    0.444601876956695
                ],
                [
                    0.5553981230433049
                ]
            ],
            "evidence": [],
            "evidence_card": []
        },
        "X2": {
            "values": [
                [
                    0.36605408370134174,
                    0.0
                ],
                [
                    0.6339459162986583,
                    1.0
                ]
            ],
            "evidence": [
                "X1"
            ],
            "evidence_card": [
                2
            ]
        },
        "X3": {
            "values": [
                [
                    0.5249994903555537,
                    0.3914532417665124
                ],
                [
                    0.4750005096444463,
                    0.6085467582334876
                ]
            ],
            "evidence": [
                "X1"
            ],
            "evidence_card": [
                2
            ]
        },
        "X5": {
            "values": [
                [
                    0.44470063502774687,
                    0.5046708190613752
                ],
                [
                    0.5552993649722531,
                    0.49532918093862477
                ]
            ],
            "evidence": [
                "X1"
            ],
            "evidence_card": [
                2
            ]
        },
        "X4": {
            "values": [
                [
                    0.561961384644202,
                    0.2874602963124873,
                    0.0,
                    0.0
                ],
                [
                    0.438038615355798,
                    0.7125397036875127,
                    1.0,
                    1.0
                ]
            ],
            "evidence": [
                "X1",
                "X3"
            ],
            "evidence_card": [
                2,
                2
            ]
        }
    }
}